{"assets/accountingApp.db":["assets/accountingApp.db"],"assets/images/easycounter144x144.png":["assets/images/easycounter144x144.png"],"assets/images/eventdecor144x144.png":["assets/images/eventdecor144x144.png"],"assets/images/googleicon.png":["assets/images/googleicon.png"],"assets/images/kidsabcd144x144.png":["assets/images/kidsabcd144x144.png"],"assets/images/kidsnursery144x144.png":["assets/images/kidsnursery144x144.png"],"assets/images/logo.png":["assets/images/logo.png"],"assets/images/native_logo.png":["assets/images/native_logo.png"],"assets/images/securewallet144x144.png":["assets/images/securewallet144x144.png"],"assets/images/wishkarts150x150.png":["assets/images/wishkarts150x150.png"],"assets/images/wordpuzzle128x128.png":["assets/images/wordpuzzle128x128.png"],"assets/images/yoga4me144x144.png":["assets/images/yoga4me144x144.png"],"assets/locales/ar_AR.json":["assets/locales/ar_AR.json"],"assets/locales/ecogestion.db":["assets/locales/ecogestion.db"],"assets/locales/en_FR.json":["assets/locales/en_FR.json"],"assets/locales/en_US.json":["assets/locales/en_US.json"],"assets/locales/languages.json":["assets/locales/languages.json"],"packages/cupertino_icons/assets/CupertinoIcons.ttf":["packages/cupertino_icons/assets/CupertinoIcons.ttf"],"packages/flutter_inappwebview/assets/t_rex_runner/t-rex.css":["packages/flutter_inappwebview/assets/t_rex_runner/t-rex.css"],"packages/flutter_inappwebview/assets/t_rex_runner/t-rex.html":["packages/flutter_inappwebview/assets/t_rex_runner/t-rex.html"],"packages/font_awesome_flutter/lib/fonts/fa-brands-400.ttf":["packages/font_awesome_flutter/lib/fonts/fa-brands-400.ttf"],"packages/font_awesome_flutter/lib/fonts/fa-regular-400.ttf":["packages/font_awesome_flutter/lib/fonts/fa-regular-400.ttf"],"packages/font_awesome_flutter/lib/fonts/fa-solid-900.ttf":["packages/font_awesome_flutter/lib/fonts/fa-solid-900.ttf"],"packages/material_design_icons_flutter/lib/fonts/materialdesignicons-webfont.ttf":["packages/material_design_icons_flutter/lib/fonts/materialdesignicons-webfont.ttf"]}